{	
	"dim_1": 
			{
				"0.9191960481797046": 1,
				"0.022195858510463778": 41,
				"0.012455183335499742": 1046689,
				"0.01194160626786223": 1048263,
				"0.009332095704070382": 1090057,
				"0.007318075248612544": 1103071,
				"0.005689482475468724": 2288877,
				"0.004292496541828026": 4067718,
				"0.0035694342137641104": 4227795,
				"0.0017585615746809617": 4765739,
				"0.0009693806844371117": 5188749,
				"0.0008897432070842039": 5693213,
				"0.00022607204859580824": 5812459,
				"5.085573817075518e-05": 5844275,
				"4.617118067944801e-05": 5872975,
				"2.4203719429628855e-05": 5887602,
				"2.0512135043118333e-05": 5900229,
				"9.397042351204048e-06": 5904344,
				"5.940254730100746e-06": 5908344,
				"3.363696392527844e-06": 5910078,
				"2.9592667217165438e-06": 5911923,
				"1.1781212149720828e-06": 5912799,
				"8.854010184513577e-07": 5913506,
				"2.523806641380003e-07": 5913696,
				"2.4307154128045096e-07": 5913896
				},
	"dim_2": 
			{
				"0.22108930499119495": 13135275,
				"0.1992674255239111": 88384623,
				"0.1388549821101103": 108770635,
				"0.1016023884365164": 112657834,
				"0.07044045423221677": 130139345,
				"0.06856465853494911": 130650905,
				"0.0556804148327595": 152277176,
				"0.037348527652065436": 152307546,
				"0.026719999572335007": 152307644,
				"0.021344223520035045": 152309731,
				"0.018566263004583798": 160990564,
				"0.012119195662341032": 166865651,
				"0.009172443807164473": 174389395,
				"0.006713861445608281": 177994091,
				"0.004974460494792765": 180898691,
				"0.00281195007779817": 182714021,
				"0.0011490869270735478": 183383585,
				"0.000991141341314025": 183964016,
				"0.0006644385538480019": 184360175,
				"0.000619652893295621": 184741765,
				"0.00036429828895731184": 184970073,
				"0.0003158446232253152": 185177167,
				"0.00023634117985173278": 185336469,
				"0.0002135294149739716": 185479475,
				"0.00017490261027323296": 185593978,
				"2.0998450415731147e-07": 185593979
			},
	"dim_3": 
			{
				"0.5455086085146511": 1,
				"0.1303923822074044": 41,
				"0.13605579500153855": 1659,
				"0.0648039093210365": 25405,
				"0.06773391850390612": 132625,
				"0.021263292303903076": 590289,
				"0.018223994018518055": 1802097,
				"0.006080862824787455": 4481376,
				"0.005858438917889683": 6231066,
				"0.002267411676608292": 7571488,
				"0.0009275578984767986": 8111693,
				"0.0005894702088880554": 8508883,
				"0.0001604013585706213": 8610491,
				"4.8784975508439515e-05": 8644275,
				"3.420482041958103e-05": 8667497,
				"2.0768653095192945e-05": 8678750,
				"1.3189992742163533e-05": 8687881,
				"5.697183188820302e-06": 8691997,
				"5.8843999929554234e-06": 8695091,
				"2.3645172058175516e-06": 8696693,
				"1.8173476511904739e-06": 8697791,
				"7.105963781262621e-07": 8698326,
				"3.5995275049190153e-07": 8698603,
				"9.61942695280086e-08": 8698679,
				"7.861037079708223e-08": 8698741
			},
	"dim_4": 
			{
				"0.934285428777826": 1,
				"0.029611386574298702": 11,
				"0.01597701805150073": 60,
				"0.004382529968015067": 179,
				"0.002199534685658133": 669,
				"0.0016143444956328678": 681,
				"0.0015305597554007397": 2315,
				"0.0012500460523182818": 2878,
				"0.0010770048350882409": 3027,
				"0.0010142304462995122": 4133,
				"0.0009700612044443522": 7201,
				"0.00096652894842362": 7292,
				"0.0005857376741843724": 11695,
				"0.000575193688148933": 17007,
				"0.0005518329841057149": 17519,
				"0.00047260716206027985": 20387,
				"0.0004512490702057982": 22164,
				"0.00042535586382371": 23450,
				"0.00034891300000848324": 30548,
				"0.0001852028171419363": 33017,
				"0.00018302840463108248": 40879,
				"0.00017610878442761882": 45560,
				"0.00016065400002761754": 51570,
				"0.00014253631063456122": 58534,
				"0.00013080731635309526": 62336,
				"0.00011510932065368771": 69557,
				"7.061096733804662e-05": 74149,
				"6.811779278373032e-05": 79205,
				"6.263363671759616e-05": 84490,
				"5.968508781545847e-05": 89583,
				"5.936943059708348e-05": 95288,
				"5.874122098543086e-05": 98431,
				"4.6854915565620486e-05": 103359,
				"3.322473338199429e-05": 106646,
				"2.5301219729919346e-05": 110458,
				"1.9150561209245503e-05": 112192,
				"1.8273965589691757e-05": 114940,
				"1.4304964171757766e-05": 117424,
				"1.3171703010704832e-05": 119124,
				"1.1658618245901355e-05": 120097,
				"7.097630175800075e-06": 120686,
				"6.26657199102788e-06": 122279,
				"5.508994666926749e-06": 123185,
				"5.210931457444347e-06": 123795,
				"4.23912120152772e-06": 124197,
				"3.785816737106522e-06": 125284,
				"3.2786953043065844e-06": 126058,
				"2.374156258863426e-06": 126362,
				"2.1516437934511994e-06": 126741,
				"1.794588907092056e-06": 127041,
				"1.6983393290300287e-06": 127276,
				"1.6973043873304269e-06": 127803,
				"1.1135972687607e-06": 128197,
				"1.0214874574970387e-06": 128367,
				"8.972944535460303e-07": 128556,
				"8.745257361550118e-07": 128837,
				"7.834508665909411e-07": 129087,
				"7.472279071052301e-07": 129173,
				"6.892711719280925e-07": 129295,
				"4.905623656064822e-07": 129387,
				"4.636538814170966e-07": 129494,
				"4.284658636309783e-07": 129680,
				"4.1294173813710154e-07": 129871,
				"2.949583843836437e-07": 130020,
				"2.79434258889768e-07": 130150,
				"2.670149584946671e-07": 130250,
				"2.5873542489793293e-07": 130369,
				"2.4631612450283224e-07": 130434,
				"2.0698833991834633e-07": 130494,
				"1.8835938932569527e-07": 130536,
				"1.5627619663835146e-07": 130634,
				"1.4799666304161766e-07": 130703,
				"1.1694841205386573e-07": 130779,
				"9.831946146121459e-08": 130827,
				"9.417969466284762e-08": 130878,
				"8.590016106611382e-08": 130917,
				"8.48652193665221e-08": 130971,
				"8.072545256815512e-08": 130994,
				"6.416638537468742e-08": 131012,
				"5.1747084979586636e-08": 131036,
				"4.450249308244452e-08": 131066,
				"2.8978367588568504e-08": 131087,
				"1.9663892292242916e-08": 131097,
				"1.4489183794284257e-08": 131102,
				"1.1384358695509058e-08": 131106,
				"1.1384358695509058e-08": 131116,
				"6.2096501975503965e-09": 131120,
				"5.1747084979586636e-09": 131123
		},
	"dim_5": 
			{
				"0.9240831411638062": 1,
				"0.02470331321123095": 10,
				"0.015013944773412048": 15,
				"0.011217361537804638": 59,
				"0.006965608872833384": 92,
				"0.004981443484976903": 249,
				"0.003223938608864609": 326,
				"0.0027070452565371157": 335,
				"0.0016504950091996075": 616,
				"0.0016126740997297264": 872,
				"0.0013851887394509656": 935,
				"0.0007751785775861057": 1295,
				"0.0003348843652704934": 1501,
				"0.0003311534004434655": 1720,
				"0.00028029740026722723": 1789,
				"0.00019652611427717372": 1873,
				"0.0001958440876971426": 2017,
				"0.00013083318989558847": 2181,
				"0.0001107025388968297": 2272,
				"4.3790453193125414e-05": 2329,
				"3.736450018036035e-05": 2406,
				"1.8775912313993213e-05": 2421,
				"4.0466220454036755e-07": 2446,
				"4.243260968326104e-08": 2469,
				"2.4838600790201582e-08": 2481,
				"1.552412549387599e-08": 2485,
				"7.244591897142129e-09": 2490
			}
}